product_title,product_price,product_rating,product_bp,product_description,reviews,
"Apple AirPods Max Wireless Over-Ear Headphones, Pro-Level Active Noise Cancellation, Transparency Mode, Personalised Spatial Audio, USB-C Charging, Bluetooth Headphones for iPhone - Starlight","59,900.00",4.0  4.0 out of 5 stars,"ULTIMATE OVER-EAR LISTENING EXPERIENCE â€” Apple-designed dynamic driver provides high-fidelity audio. Computational audio combines custom acoustic design with the Apple H1 chip and software for breakthrough listening experiences.    FIVE FRESH COLOURS â€” AirPods Max come in five fresh colours: Midnight, Starlight, Blue, Purple and Orange. A colour-matched Smart Case is also included.    FOCUS ON WHATâ€™S PLAYING â€” Pro-level Active Noise Cancellation removes up to 2x more background noise, so you can immerse yourself in music.    HEAR THE WORLD AROUND YOU â€” Transparency mode lets you comfortably hear and interact with the world around you.    PERSONALISED SPATIAL AUDIO â€” With sound that suits your unique ear shape along with dynamic head tracking, AirPods Max deliver an immersive listening experience that places sound all around you. You can also listen to selected songs, shows and movies in Dolby Atmos.    ACOUSTIC-FIRST DESIGN â€” Designed with a knit-mesh canopy and memory foam ear cushions for an exceptional over-ear fit that perfectly seals in sound.    MAGICAL EXPERIENCE â€” Pair AirPods Max by simply placing them near your device and tapping Connect on your screen.* AirPods Max pause audio when you take them off. And Automatic Switching makes listening between your iPhone, iPad and Mac completely effortless.*","AirPods Max, the ultimate listening experience. Now in five new colours. An Apple-designed driver provides high-fidelity audio. Every detail, from canopy to cushions, has been designed for an exceptional fit. Pro-level Active Noise Cancellation blocks outside noise, while Transparency mode keeps you connected to your environment. Updated with a USB-C connector for even more convenient charging.","Rony 5.0 out of 5 stars
Worth it ğŸ¤«ğŸ¤«
Reviewed in India on 1 December 2024Colour: OrangeVerified Purchase
The nc is out of this world ğŸ¸
Read more

















Rony 

5.0 out of 5 stars

                Worth it ğŸ¤«ğŸ¤«
            


                    
                        
                        
                            
                                
                                
                                    Reviewed in India on 1 December 2024
                                
                            
                        
                    
                


            The nc is out of this world ğŸ¸



                Images in this review 
            











One person found this helpful


              Helpful


Report


Shashank Sahil5.0 out of 5 stars
Still holds up pretty good
Reviewed in India on 26 September 2024Colour: Starlight
Noise cancellation too good , transparency too good , apple ecosystem makes it way better , battery life is a little issue if you are heavy user
Read more

















Shashank Sahil

5.0 out of 5 stars

                Still holds up pretty good
            


                    
                        
                        
                            
                                
                                
                                    Reviewed in India on 26 September 2024
                                
                            
                        
                    
                


            Noise cancellation too good , transparency too good , apple ecosystem makes it way better , battery life is a little issue if you are heavy user



                Images in this review 
            











6 people found this helpful


              Helpful


Report


Sunny singh5.0 out of 5 stars
Awesome
Reviewed in India on 13 October 2024Colour: Purple
really awesome quality, recommended ğŸ‘ nice sound/ noise cancellation, fast delivery/ nice packaging/looking so good ğŸ˜ğŸ˜ğŸ˜ğŸ˜ go and purchase for sure
Read more

















Sunny singh

5.0 out of 5 stars

                Awesome
            


                    
                        
                        
                            
                                
                                
                                    Reviewed in India on 13 October 2024
                                
                            
                        
                    
                


            really awesome quality, recommended ğŸ‘ nice sound/ noise cancellation, fast delivery/ nice packaging/looking so good ğŸ˜ğŸ˜ğŸ˜ğŸ˜ go and purchase for sure



                Images in this review 
            











5 people found this helpful


              Helpful


Report


Dolly S.2.0 out of 5 stars
Not great
Reviewed in India on 11 November 2024Colour: Starlight
For the price point it sucks , if you want it for flex itâ€™s then recommended only.There are better headphones at this price point please donâ€™t buy them
Read more
6 people found this helpful


              Helpful


Report


Chetan4.0 out of 5 stars
Good Overall
Reviewed in India on 29 September 2024Colour: Orange
Apple headphones offer good overall performance with decent sound quality and user-friendly design. However, their build quality feels somewhat cheap, making them less durable compared to other premium options.
Read more
2 people found this helpful


              Helpful


Report


Krushna3.0 out of 5 stars
I'll say that they are just perfect
Reviewed in India on 1 October 2024Colour: Purple
I like the disign most.and the deep bass and crystal clear voice satisfied me . I love apple productsBtw Samsung is better.
Read more

















Krushna

3.0 out of 5 stars

                I'll say that they are just perfect
            


                    
                        
                        
                            
                                
                                
                                    Reviewed in India on 1 October 2024
                                
                            
                        
                    
                


            I like the disign most.and the deep bass and crystal clear voice satisfied me . I love apple productsBtw Samsung is better.



                Images in this review 
            











7 people found this helpful


              Helpful


Report


Arpna singh4.0 out of 5 stars
Canâ€™t connect.
Reviewed in India on 7 October 2024Colour: Orange
Canâ€™t  connect to my Nokia 3310 I am unhappy I am very sad I canâ€™t return it also ğŸ˜­ğŸ˜­ bye.
Read more
13 people found this helpful


              Helpful


Report","Rony 5.0 out of 5 stars
Worth it ğŸ¤«ğŸ¤«
Reviewed in India on 1 December 2024Colour: OrangeVerified Purchase
The nc is out of this world ğŸ¸
Read more

















Rony 

5.0 out of 5 stars

 Worth it ğŸ¤«ğŸ¤«
 


 
 
 
 
 
 
 Reviewed in India on 1 December 2024
 
 
 
 
 


 The nc is out of this world ğŸ¸



 Images in this review 
 











One person found this helpful


 Helpful


Report


Shashank Sahil5.0 out of 5 stars
Still holds up pretty good
Reviewed in India on 26 September 2024Colour: Starlight
Noise cancellation too good , transparency too good , apple ecosystem makes it way better , battery life is a little issue if you are heavy user
Read more

















Shashank Sahil

5.0 out of 5 stars

 Still holds up pretty good
 


 
 
 
 
 
 
 Reviewed in India on 26 September 2024
 
 
 
 
 


 Noise cancellation too good , transparency too good , apple ecosystem makes it way better , battery life is a little issue if you are heavy user



 Images in this review 
 











6 people found this helpful


 Helpful


Report


Sunny singh5.0 out of 5 stars
Awesome
Reviewed in India on 13 October 2024Colour: Purple
really awesome quality, recommended ğŸ‘ nice sound/ noise cancellation, fast delivery/ nice packaging/looking so good ğŸ˜ğŸ˜ğŸ˜ğŸ˜ go and purchase for sure
Read more

















Sunny singh

5.0 out of 5 stars

 Awesome
 


 
 
 
 
 
 
 Reviewed in India on 13 October 2024
 
 
 
 
 


 really awesome quality, recommended ğŸ‘ nice sound/ noise cancellation, fast delivery/ nice packaging/looking so good ğŸ˜ğŸ˜ğŸ˜ğŸ˜ go and purchase for sure



 Images in this review 
 











5 people found this helpful


 Helpful


Report


Dolly S.2.0 out of 5 stars
Not great
Reviewed in India on 11 November 2024Colour: Starlight
For the price point it sucks , if you want it for flex itâ€™s then recommended only.There are better headphones at this price point please donâ€™t buy them
Read more
6 people found this helpful


 Helpful


Report


Chetan4.0 out of 5 stars
Good Overall
Reviewed in India on 29 September 2024Colour: Orange
Apple headphones offer good overall performance with decent sound quality and user-friendly design. However, their build quality feels somewhat cheap, making them less durable compared to other premium options.
Read more
2 people found this helpful


 Helpful


Report


Krushna3.0 out of 5 stars
I'll say that they are just perfect
Reviewed in India on 1 October 2024Colour: Purple
I like the disign most.and the deep bass and crystal clear voice satisfied me . I love apple productsBtw Samsung is better.
Read more

















Krushna

3.0 out of 5 stars

 I'll say that they are just perfect
 


 
 
 
 
 
 
 Reviewed in India on 1 October 2024
 
 
 
 
 


 I like the disign most.and the deep bass and crystal clear voice satisfied me . I love apple productsBtw Samsung is better.



 Images in this review 
 











7 people found this helpful


 Helpful


Report


Arpna singh4.0 out of 5 stars
Canâ€™t connect.
Reviewed in India on 7 October 2024Colour: Orange
Canâ€™t connect to my Nokia 3310 I am unhappy I am very sad I canâ€™t return it also ğŸ˜­ğŸ˜­ bye.
Read more
13 people found this helpful


 Helpful


Report"